year,round,team,constructor_rank_norm
2015,1,ferrari,0.875
2015,1,force_india,0.375
2015,1,lotus_f1,0.0
2015,1,mclaren,0.125
2015,1,mercedes,1.0
2015,1,red_bull,0.5
2015,1,sauber,0.75
2015,1,toro_rosso,0.25
2015,1,williams,0.625
2015,2,ferrari,0.875
2015,2,force_india,0.375
2015,2,lotus_f1,0.0
2015,2,mclaren,0.125
2015,2,mercedes,1.0
2015,2,red_bull,0.5
2015,2,sauber,0.75
2015,2,toro_rosso,0.25
2015,2,williams,0.625
2015,3,ferrari,0.8888888888888888
2015,3,force_india,0.3333333333333333
2015,3,lotus_f1,0.2222222222222222
2015,3,manor,0.0
2015,3,mclaren,0.1111111111111111
2015,3,mercedes,1.0
2015,3,red_bull,0.4444444444444444
2015,3,sauber,0.6666666666666667
2015,3,toro_rosso,0.5555555555555556
2015,3,williams,0.7777777777777778
2015,4,ferrari,0.8888888888888888
2015,4,force_india,0.3333333333333333
2015,4,lotus_f1,0.2222222222222222
2015,4,manor,0.0
2015,4,mclaren,0.1111111111111111
2015,4,mercedes,1.0
2015,4,red_bull,0.5555555555555556
2015,4,sauber,0.6666666666666667
2015,4,toro_rosso,0.4444444444444444
2015,4,williams,0.7777777777777778
2015,5,ferrari,0.8888888888888888
2015,5,force_india,0.2222222222222222
2015,5,lotus_f1,0.4444444444444444
2015,5,manor,0.0
2015,5,mclaren,0.1111111111111111
2015,5,mercedes,1.0
2015,5,red_bull,0.6666666666666667
2015,5,sauber,0.5555555555555556
2015,5,toro_rosso,0.3333333333333333
2015,5,williams,0.7777777777777778
2015,6,ferrari,0.8888888888888888
2015,6,force_india,0.2222222222222222
2015,6,lotus_f1,0.4444444444444444
2015,6,manor,0.0
2015,6,mclaren,0.1111111111111111
2015,6,mercedes,1.0
2015,6,red_bull,0.6666666666666667
2015,6,sauber,0.5555555555555556
2015,6,toro_rosso,0.3333333333333333
2015,6,williams,0.7777777777777778
2015,7,ferrari,0.8888888888888888
2015,7,force_india,0.4444444444444444
2015,7,lotus_f1,0.3333333333333333
2015,7,manor,0.0
2015,7,mclaren,0.1111111111111111
2015,7,mercedes,1.0
2015,7,red_bull,0.6666666666666667
2015,7,sauber,0.5555555555555556
2015,7,toro_rosso,0.2222222222222222
2015,7,williams,0.7777777777777778
2015,8,ferrari,0.8888888888888888
2015,8,force_india,0.3333333333333333
2015,8,lotus_f1,0.5555555555555556
2015,8,manor,0.0
2015,8,mclaren,0.1111111111111111
2015,8,mercedes,1.0
2015,8,red_bull,0.6666666666666667
2015,8,sauber,0.4444444444444444
2015,8,toro_rosso,0.2222222222222222
2015,8,williams,0.7777777777777778
2015,9,ferrari,0.8888888888888888
2015,9,force_india,0.5555555555555556
2015,9,lotus_f1,0.4444444444444444
2015,9,manor,0.0
2015,9,mclaren,0.1111111111111111
2015,9,mercedes,1.0
2015,9,red_bull,0.6666666666666667
2015,9,sauber,0.3333333333333333
2015,9,toro_rosso,0.2222222222222222
2015,9,williams,0.7777777777777778
2015,10,ferrari,0.8888888888888888
2015,10,force_india,0.5555555555555556
2015,10,lotus_f1,0.4444444444444444
2015,10,manor,0.0
2015,10,mclaren,0.1111111111111111
2015,10,mercedes,1.0
2015,10,red_bull,0.6666666666666667
2015,10,sauber,0.3333333333333333
2015,10,toro_rosso,0.2222222222222222
2015,10,williams,0.7777777777777778
2015,11,ferrari,0.8888888888888888
2015,11,force_india,0.5555555555555556
2015,11,lotus_f1,0.4444444444444444
2015,11,manor,0.0
2015,11,mclaren,0.1111111111111111
2015,11,mercedes,1.0
2015,11,red_bull,0.6666666666666667
2015,11,sauber,0.2222222222222222
2015,11,toro_rosso,0.3333333333333333
2015,11,williams,0.7777777777777778
2015,12,ferrari,0.8888888888888888
2015,12,force_india,0.4444444444444444
2015,12,lotus_f1,0.5555555555555556
2015,12,manor,0.0
2015,12,mclaren,0.1111111111111111
2015,12,mercedes,1.0
2015,12,red_bull,0.6666666666666667
2015,12,sauber,0.2222222222222222
2015,12,toro_rosso,0.3333333333333333
2015,12,williams,0.7777777777777778
2015,13,ferrari,0.8888888888888888
2015,13,force_india,0.5555555555555556
2015,13,lotus_f1,0.4444444444444444
2015,13,manor,0.0
2015,13,mclaren,0.1111111111111111
2015,13,mercedes,1.0
2015,13,red_bull,0.6666666666666667
2015,13,sauber,0.2222222222222222
2015,13,toro_rosso,0.3333333333333333
2015,13,williams,0.7777777777777778
2015,14,ferrari,0.8888888888888888
2015,14,force_india,0.5555555555555556
2015,14,lotus_f1,0.4444444444444444
2015,14,manor,0.0
2015,14,mclaren,0.1111111111111111
2015,14,mercedes,1.0
2015,14,red_bull,0.6666666666666667
2015,14,sauber,0.2222222222222222
2015,14,toro_rosso,0.3333333333333333
2015,14,williams,0.7777777777777778
2015,15,ferrari,0.8888888888888888
2015,15,force_india,0.5555555555555556
2015,15,lotus_f1,0.4444444444444444
2015,15,manor,0.0
2015,15,mclaren,0.1111111111111111
2015,15,mercedes,1.0
2015,15,red_bull,0.6666666666666667
2015,15,sauber,0.2222222222222222
2015,15,toro_rosso,0.3333333333333333
2015,15,williams,0.7777777777777778
2015,16,ferrari,0.8888888888888888
2015,16,force_india,0.5555555555555556
2015,16,lotus_f1,0.4444444444444444
2015,16,manor,0.0
2015,16,mclaren,0.1111111111111111
2015,16,mercedes,1.0
2015,16,red_bull,0.6666666666666667
2015,16,sauber,0.2222222222222222
2015,16,toro_rosso,0.3333333333333333
2015,16,williams,0.7777777777777778
2015,17,ferrari,0.8888888888888888
2015,17,force_india,0.5555555555555556
2015,17,lotus_f1,0.4444444444444444
2015,17,manor,0.0
2015,17,mclaren,0.1111111111111111
2015,17,mercedes,1.0
2015,17,red_bull,0.6666666666666667
2015,17,sauber,0.2222222222222222
2015,17,toro_rosso,0.3333333333333333
2015,17,williams,0.7777777777777778
2015,18,ferrari,0.8888888888888888
2015,18,force_india,0.5555555555555556
2015,18,lotus_f1,0.4444444444444444
2015,18,manor,0.0
2015,18,mclaren,0.1111111111111111
2015,18,mercedes,1.0
2015,18,red_bull,0.6666666666666667
2015,18,sauber,0.2222222222222222
2015,18,toro_rosso,0.3333333333333333
2015,18,williams,0.7777777777777778
2015,19,ferrari,0.8888888888888888
2015,19,force_india,0.5555555555555556
2015,19,lotus_f1,0.4444444444444444
2015,19,manor,0.0
2015,19,mclaren,0.1111111111111111
2015,19,mercedes,1.0
2015,19,red_bull,0.6666666666666667
2015,19,sauber,0.2222222222222222
2015,19,toro_rosso,0.3333333333333333
2015,19,williams,0.7777777777777778
2016,1,ferrari,0.9
2016,1,force_india,0.5
2016,1,haas,0.6
2016,1,manor,0.0
2016,1,mclaren,0.1999999999999999
2016,1,mercedes,1.0
2016,1,red_bull,0.7
2016,1,renault,0.3
2016,1,sauber,0.0999999999999999
2016,1,toro_rosso,0.4
2016,1,williams,0.8
2016,2,ferrari,0.9
2016,2,force_india,0.5
2016,2,haas,0.6
2016,2,manor,0.0
2016,2,mclaren,0.1999999999999999
2016,2,mercedes,1.0
2016,2,red_bull,0.7
2016,2,renault,0.3
2016,2,sauber,0.0999999999999999
2016,2,toro_rosso,0.4
2016,2,williams,0.8
2016,3,ferrari,0.9
2016,3,force_india,0.4
2016,3,haas,0.6
2016,3,manor,0.0
2016,3,mclaren,0.3
2016,3,mercedes,1.0
2016,3,red_bull,0.8
2016,3,renault,0.1999999999999999
2016,3,sauber,0.0999999999999999
2016,3,toro_rosso,0.5
2016,3,williams,0.7
2016,4,ferrari,0.9
2016,4,force_india,0.4
2016,4,haas,0.6
2016,4,manor,0.0
2016,4,mclaren,0.3
2016,4,mercedes,1.0
2016,4,red_bull,0.8
2016,4,renault,0.1999999999999999
2016,4,sauber,0.0999999999999999
2016,4,toro_rosso,0.5
2016,4,williams,0.7
2016,5,ferrari,0.9
2016,5,force_india,0.3
2016,5,haas,0.6
2016,5,manor,0.0
2016,5,mclaren,0.4
2016,5,mercedes,1.0
2016,5,red_bull,0.8
2016,5,renault,0.1999999999999999
2016,5,sauber,0.0999999999999999
2016,5,toro_rosso,0.5
2016,5,williams,0.7
2016,6,ferrari,0.9
2016,6,force_india,0.4
2016,6,haas,0.5
2016,6,manor,0.0
2016,6,mclaren,0.3
2016,6,mercedes,1.0
2016,6,red_bull,0.8
2016,6,renault,0.1999999999999999
2016,6,sauber,0.0999999999999999
2016,6,toro_rosso,0.6
2016,6,williams,0.7
2016,7,ferrari,0.9
2016,7,force_india,0.6
2016,7,haas,0.3
2016,7,manor,0.0
2016,7,mclaren,0.4
2016,7,mercedes,1.0
2016,7,red_bull,0.8
2016,7,renault,0.1999999999999999
2016,7,sauber,0.0999999999999999
2016,7,toro_rosso,0.5
2016,7,williams,0.7
2016,8,ferrari,0.9
2016,8,force_india,0.6
2016,8,haas,0.3
2016,8,manor,0.0
2016,8,mclaren,0.4
2016,8,mercedes,1.0
2016,8,red_bull,0.8
2016,8,renault,0.1999999999999999
2016,8,sauber,0.0999999999999999
2016,8,toro_rosso,0.5
2016,8,williams,0.7
2016,9,ferrari,0.9
2016,9,force_india,0.6
2016,9,haas,0.3
2016,9,manor,0.0
2016,9,mclaren,0.4
2016,9,mercedes,1.0
2016,9,red_bull,0.8
2016,9,renault,0.1999999999999999
2016,9,sauber,0.0999999999999999
2016,9,toro_rosso,0.5
2016,9,williams,0.7
2016,10,ferrari,0.9
2016,10,force_india,0.6
2016,10,haas,0.3
2016,10,manor,0.0999999999999999
2016,10,mclaren,0.4
2016,10,mercedes,1.0
2016,10,red_bull,0.8
2016,10,renault,0.1999999999999999
2016,10,sauber,0.0
2016,10,toro_rosso,0.5
2016,10,williams,0.7
2016,11,ferrari,0.9
2016,11,force_india,0.6
2016,11,haas,0.3
2016,11,manor,0.0999999999999999
2016,11,mclaren,0.4
2016,11,mercedes,1.0
2016,11,red_bull,0.8
2016,11,renault,0.1999999999999999
2016,11,sauber,0.0
2016,11,toro_rosso,0.5
2016,11,williams,0.7
2016,12,ferrari,0.9
2016,12,force_india,0.6
2016,12,haas,0.3
2016,12,manor,0.0999999999999999
2016,12,mclaren,0.4
2016,12,mercedes,1.0
2016,12,red_bull,0.8
2016,12,renault,0.1999999999999999
2016,12,sauber,0.0
2016,12,toro_rosso,0.5
2016,12,williams,0.7
2016,13,ferrari,0.8
2016,13,force_india,0.6
2016,13,haas,0.3
2016,13,manor,0.0999999999999999
2016,13,mclaren,0.4
2016,13,mercedes,1.0
2016,13,red_bull,0.9
2016,13,renault,0.1999999999999999
2016,13,sauber,0.0
2016,13,toro_rosso,0.5
2016,13,williams,0.7
2016,14,ferrari,0.8
2016,14,force_india,0.7
2016,14,haas,0.3
2016,14,manor,0.0999999999999999
2016,14,mclaren,0.5
2016,14,mercedes,1.0
2016,14,red_bull,0.9
2016,14,renault,0.1999999999999999
2016,14,sauber,0.0
2016,14,toro_rosso,0.4
2016,14,williams,0.6
2016,15,ferrari,0.8
2016,15,force_india,0.6
2016,15,haas,0.3
2016,15,manor,0.0999999999999999
2016,15,mclaren,0.5
2016,15,mercedes,1.0
2016,15,red_bull,0.9
2016,15,renault,0.1999999999999999
2016,15,sauber,0.0
2016,15,toro_rosso,0.4
2016,15,williams,0.7
2016,16,ferrari,0.8
2016,16,force_india,0.7
2016,16,haas,0.3
2016,16,manor,0.0999999999999999
2016,16,mclaren,0.5
2016,16,mercedes,1.0
2016,16,red_bull,0.9
2016,16,renault,0.1999999999999999
2016,16,sauber,0.0
2016,16,toro_rosso,0.4
2016,16,williams,0.6
2016,17,ferrari,0.8
2016,17,force_india,0.7
2016,17,haas,0.3
2016,17,manor,0.0999999999999999
2016,17,mclaren,0.5
2016,17,mercedes,1.0
2016,17,red_bull,0.9
2016,17,renault,0.1999999999999999
2016,17,sauber,0.0
2016,17,toro_rosso,0.4
2016,17,williams,0.6
2016,18,ferrari,0.8
2016,18,force_india,0.7
2016,18,haas,0.3
2016,18,manor,0.0999999999999999
2016,18,mclaren,0.5
2016,18,mercedes,1.0
2016,18,red_bull,0.9
2016,18,renault,0.1999999999999999
2016,18,sauber,0.0
2016,18,toro_rosso,0.4
2016,18,williams,0.6
2016,19,ferrari,0.8
2016,19,force_india,0.7
2016,19,haas,0.3
2016,19,manor,0.0999999999999999
2016,19,mclaren,0.5
2016,19,mercedes,1.0
2016,19,red_bull,0.9
2016,19,renault,0.1999999999999999
2016,19,sauber,0.0
2016,19,toro_rosso,0.4
2016,19,williams,0.6
2016,20,ferrari,0.8
2016,20,force_india,0.7
2016,20,haas,0.3
2016,20,manor,0.0999999999999999
2016,20,mclaren,0.5
2016,20,mercedes,1.0
2016,20,red_bull,0.9
2016,20,renault,0.1999999999999999
2016,20,sauber,0.0
2016,20,toro_rosso,0.4
2016,20,williams,0.6
2016,21,ferrari,0.8
2016,21,force_india,0.7
2016,21,haas,0.3
2016,21,manor,0.0
2016,21,mclaren,0.5
2016,21,mercedes,1.0
2016,21,red_bull,0.9
2016,21,renault,0.1999999999999999
2016,21,sauber,0.0999999999999999
2016,21,toro_rosso,0.4
2016,21,williams,0.6
2017,1,ferrari,1.0
2017,1,force_india,0.5555555555555556
2017,1,haas,0.0
2017,1,mclaren,0.1111111111111111
2017,1,mercedes,0.8888888888888888
2017,1,red_bull,0.7777777777777778
2017,1,renault,0.3333333333333333
2017,1,sauber,0.2222222222222222
2017,1,toro_rosso,0.4444444444444444
2017,1,williams,0.6666666666666667
2017,2,ferrari,1.0
2017,2,force_india,0.5555555555555556
2017,2,haas,0.0
2017,2,mclaren,0.1111111111111111
2017,2,mercedes,0.8888888888888888
2017,2,red_bull,0.7777777777777778
2017,2,renault,0.3333333333333333
2017,2,sauber,0.2222222222222222
2017,2,toro_rosso,0.4444444444444444
2017,2,williams,0.6666666666666667
2017,3,ferrari,0.8888888888888888
2017,3,force_india,0.5555555555555556
2017,3,haas,0.3333333333333333
2017,3,mclaren,0.0
2017,3,mercedes,1.0
2017,3,red_bull,0.7777777777777778
2017,3,renault,0.2222222222222222
2017,3,sauber,0.1111111111111111
2017,3,toro_rosso,0.6666666666666667
2017,3,williams,0.4444444444444444
2017,4,ferrari,1.0
2017,4,force_india,0.6666666666666667
2017,4,haas,0.3333333333333333
2017,4,mclaren,0.0
2017,4,mercedes,0.8888888888888888
2017,4,red_bull,0.7777777777777778
2017,4,renault,0.2222222222222222
2017,4,sauber,0.1111111111111111
2017,4,toro_rosso,0.4444444444444444
2017,4,williams,0.5555555555555556
2017,5,ferrari,0.8888888888888888
2017,5,force_india,0.6666666666666667
2017,5,haas,0.3333333333333333
2017,5,mclaren,0.0
2017,5,mercedes,1.0
2017,5,red_bull,0.7777777777777778
2017,5,renault,0.2222222222222222
2017,5,sauber,0.1111111111111111
2017,5,toro_rosso,0.4444444444444444
2017,5,williams,0.5555555555555556
2017,6,ferrari,0.8888888888888888
2017,6,force_india,0.6666666666666667
2017,6,haas,0.2222222222222222
2017,6,mclaren,0.0
2017,6,mercedes,1.0
2017,6,red_bull,0.7777777777777778
2017,6,renault,0.3333333333333333
2017,6,sauber,0.1111111111111111
2017,6,toro_rosso,0.5555555555555556
2017,6,williams,0.4444444444444444
2017,7,ferrari,1.0
2017,7,force_india,0.6666666666666667
2017,7,haas,0.2222222222222222
2017,7,mclaren,0.0
2017,7,mercedes,0.8888888888888888
2017,7,red_bull,0.7777777777777778
2017,7,renault,0.3333333333333333
2017,7,sauber,0.1111111111111111
2017,7,toro_rosso,0.5555555555555556
2017,7,williams,0.4444444444444444
2017,8,ferrari,0.8888888888888888
2017,8,force_india,0.6666666666666667
2017,8,haas,0.2222222222222222
2017,8,mclaren,0.0
2017,8,mercedes,1.0
2017,8,red_bull,0.7777777777777778
2017,8,renault,0.3333333333333333
2017,8,sauber,0.1111111111111111
2017,8,toro_rosso,0.5555555555555556
2017,8,williams,0.4444444444444444
2017,9,ferrari,0.8888888888888888
2017,9,force_india,0.6666666666666667
2017,9,haas,0.3333333333333333
2017,9,mclaren,0.0
2017,9,mercedes,1.0
2017,9,red_bull,0.7777777777777778
2017,9,renault,0.2222222222222222
2017,9,sauber,0.1111111111111111
2017,9,toro_rosso,0.4444444444444444
2017,9,williams,0.5555555555555556
2017,10,ferrari,0.8888888888888888
2017,10,force_india,0.6666666666666667
2017,10,haas,0.3333333333333333
2017,10,mclaren,0.0
2017,10,mercedes,1.0
2017,10,red_bull,0.7777777777777778
2017,10,renault,0.2222222222222222
2017,10,sauber,0.1111111111111111
2017,10,toro_rosso,0.4444444444444444
2017,10,williams,0.5555555555555556
2017,11,ferrari,0.8888888888888888
2017,11,force_india,0.6666666666666667
2017,11,haas,0.3333333333333333
2017,11,mclaren,0.0
2017,11,mercedes,1.0
2017,11,red_bull,0.7777777777777778
2017,11,renault,0.2222222222222222
2017,11,sauber,0.1111111111111111
2017,11,toro_rosso,0.4444444444444444
2017,11,williams,0.5555555555555556
2017,12,ferrari,0.8888888888888888
2017,12,force_india,0.6666666666666667
2017,12,haas,0.3333333333333333
2017,12,mclaren,0.1111111111111111
2017,12,mercedes,1.0
2017,12,red_bull,0.7777777777777778
2017,12,renault,0.2222222222222222
2017,12,sauber,0.0
2017,12,toro_rosso,0.4444444444444444
2017,12,williams,0.5555555555555556
2017,13,ferrari,0.8888888888888888
2017,13,force_india,0.6666666666666667
2017,13,haas,0.3333333333333333
2017,13,mclaren,0.1111111111111111
2017,13,mercedes,1.0
2017,13,red_bull,0.7777777777777778
2017,13,renault,0.2222222222222222
2017,13,sauber,0.0
2017,13,toro_rosso,0.4444444444444444
2017,13,williams,0.5555555555555556
2017,14,ferrari,0.8888888888888888
2017,14,force_india,0.6666666666666667
2017,14,haas,0.3333333333333333
2017,14,mclaren,0.1111111111111111
2017,14,mercedes,1.0
2017,14,red_bull,0.7777777777777778
2017,14,renault,0.2222222222222222
2017,14,sauber,0.0
2017,14,toro_rosso,0.4444444444444444
2017,14,williams,0.5555555555555556
2017,15,ferrari,0.8888888888888888
2017,15,force_india,0.6666666666666667
2017,15,haas,0.2222222222222222
2017,15,mclaren,0.1111111111111111
2017,15,mercedes,1.0
2017,15,red_bull,0.7777777777777778
2017,15,renault,0.3333333333333333
2017,15,sauber,0.0
2017,15,toro_rosso,0.4444444444444444
2017,15,williams,0.5555555555555556
2017,16,ferrari,0.8888888888888888
2017,16,force_india,0.6666666666666667
2017,16,haas,0.2222222222222222
2017,16,mclaren,0.1111111111111111
2017,16,mercedes,1.0
2017,16,red_bull,0.7777777777777778
2017,16,renault,0.3333333333333333
2017,16,sauber,0.0
2017,16,toro_rosso,0.4444444444444444
2017,16,williams,0.5555555555555556
2017,17,ferrari,0.8888888888888888
2017,17,force_india,0.6666666666666667
2017,17,haas,0.3333333333333333
2017,17,mclaren,0.1111111111111111
2017,17,mercedes,1.0
2017,17,red_bull,0.7777777777777778
2017,17,renault,0.2222222222222222
2017,17,sauber,0.0
2017,17,toro_rosso,0.4444444444444444
2017,17,williams,0.5555555555555556
2017,18,ferrari,0.8888888888888888
2017,18,force_india,0.6666666666666667
2017,18,haas,0.2222222222222222
2017,18,mclaren,0.1111111111111111
2017,18,mercedes,1.0
2017,18,red_bull,0.7777777777777778
2017,18,renault,0.3333333333333333
2017,18,sauber,0.0
2017,18,toro_rosso,0.4444444444444444
2017,18,williams,0.5555555555555556
2017,19,ferrari,0.8888888888888888
2017,19,force_india,0.6666666666666667
2017,19,haas,0.2222222222222222
2017,19,mclaren,0.1111111111111111
2017,19,mercedes,1.0
2017,19,red_bull,0.7777777777777778
2017,19,renault,0.3333333333333333
2017,19,sauber,0.0
2017,19,toro_rosso,0.4444444444444444
2017,19,williams,0.5555555555555556
2017,20,ferrari,0.8888888888888888
2017,20,force_india,0.6666666666666667
2017,20,haas,0.2222222222222222
2017,20,mclaren,0.1111111111111111
2017,20,mercedes,1.0
2017,20,red_bull,0.7777777777777778
2017,20,renault,0.3333333333333333
2017,20,sauber,0.0
2017,20,toro_rosso,0.4444444444444444
2017,20,williams,0.5555555555555556
2018,1,ferrari,1.0
2018,1,force_india,0.4444444444444444
2018,1,haas,0.0
2018,1,mclaren,0.6666666666666667
2018,1,mercedes,0.8888888888888888
2018,1,red_bull,0.7777777777777778
2018,1,renault,0.5555555555555556
2018,1,sauber,0.3333333333333333
2018,1,toro_rosso,0.1111111111111111
2018,1,williams,0.2222222222222222
2018,2,ferrari,1.0
2018,2,force_india,0.4444444444444444
2018,2,haas,0.0
2018,2,mclaren,0.6666666666666667
2018,2,mercedes,0.8888888888888888
2018,2,red_bull,0.7777777777777778
2018,2,renault,0.5555555555555556
2018,2,sauber,0.3333333333333333
2018,2,toro_rosso,0.1111111111111111
2018,2,williams,0.2222222222222222
2018,3,ferrari,1.0
2018,3,force_india,0.1111111111111111
2018,3,haas,0.3333333333333333
2018,3,mclaren,0.7777777777777778
2018,3,mercedes,0.8888888888888888
2018,3,red_bull,0.6666666666666667
2018,3,renault,0.5555555555555556
2018,3,sauber,0.2222222222222222
2018,3,toro_rosso,0.4444444444444444
2018,3,williams,0.0
2018,4,ferrari,0.8888888888888888
2018,4,force_india,0.1111111111111111
2018,4,haas,0.3333333333333333
2018,4,mclaren,0.6666666666666667
2018,4,mercedes,1.0
2018,4,red_bull,0.7777777777777778
2018,4,renault,0.5555555555555556
2018,4,sauber,0.2222222222222222
2018,4,toro_rosso,0.4444444444444444
2018,4,williams,0.0
2018,5,ferrari,1.0
2018,5,force_india,0.4444444444444444
2018,5,haas,0.2222222222222222
2018,5,mclaren,0.6666666666666667
2018,5,mercedes,0.8888888888888888
2018,5,red_bull,0.7777777777777778
2018,5,renault,0.5555555555555556
2018,5,sauber,0.1111111111111111
2018,5,toro_rosso,0.3333333333333333
2018,5,williams,0.0
2018,6,ferrari,0.8888888888888888
2018,6,force_india,0.3333333333333333
2018,6,haas,0.4444444444444444
2018,6,mclaren,0.5555555555555556
2018,6,mercedes,1.0
2018,6,red_bull,0.7777777777777778
2018,6,renault,0.6666666666666667
2018,6,sauber,0.1111111111111111
2018,6,toro_rosso,0.2222222222222222
2018,6,williams,0.0
2018,7,ferrari,0.8888888888888888
2018,7,force_india,0.4444444444444444
2018,7,haas,0.2222222222222222
2018,7,mclaren,0.5555555555555556
2018,7,mercedes,1.0
2018,7,red_bull,0.7777777777777778
2018,7,renault,0.6666666666666667
2018,7,sauber,0.1111111111111111
2018,7,toro_rosso,0.3333333333333333
2018,7,williams,0.0
2018,8,ferrari,0.8888888888888888
2018,8,force_india,0.4444444444444444
2018,8,haas,0.2222222222222222
2018,8,mclaren,0.5555555555555556
2018,8,mercedes,1.0
2018,8,red_bull,0.7777777777777778
2018,8,renault,0.6666666666666667
2018,8,sauber,0.1111111111111111
2018,8,toro_rosso,0.3333333333333333
2018,8,williams,0.0
2018,9,ferrari,0.8888888888888888
2018,9,force_india,0.4444444444444444
2018,9,haas,0.3333333333333333
2018,9,mclaren,0.5555555555555556
2018,9,mercedes,1.0
2018,9,red_bull,0.7777777777777778
2018,9,renault,0.6666666666666667
2018,9,sauber,0.1111111111111111
2018,9,toro_rosso,0.2222222222222222
2018,9,williams,0.0
2018,10,ferrari,1.0
2018,10,force_india,0.3333333333333333
2018,10,haas,0.5555555555555556
2018,10,mclaren,0.4444444444444444
2018,10,mercedes,0.8888888888888888
2018,10,red_bull,0.7777777777777778
2018,10,renault,0.6666666666666667
2018,10,sauber,0.1111111111111111
2018,10,toro_rosso,0.2222222222222222
2018,10,williams,0.0
2018,11,ferrari,1.0
2018,11,force_india,0.4444444444444444
2018,11,haas,0.5555555555555556
2018,11,mclaren,0.3333333333333333
2018,11,mercedes,0.8888888888888888
2018,11,red_bull,0.7777777777777778
2018,11,renault,0.6666666666666667
2018,11,sauber,0.1111111111111111
2018,11,toro_rosso,0.2222222222222222
2018,11,williams,0.0
2018,12,ferrari,0.8888888888888888
2018,12,force_india,0.5555555555555556
2018,12,haas,0.4444444444444444
2018,12,mclaren,0.3333333333333333
2018,12,mercedes,1.0
2018,12,red_bull,0.7777777777777778
2018,12,renault,0.6666666666666667
2018,12,sauber,0.1111111111111111
2018,12,toro_rosso,0.2222222222222222
2018,12,williams,0.0
2018,13,ferrari,0.8888888888888888
2018,13,force_india,0.4444444444444444
2018,13,haas,0.5555555555555556
2018,13,mclaren,0.3333333333333333
2018,13,mercedes,1.0
2018,13,red_bull,0.7777777777777778
2018,13,renault,0.6666666666666667
2018,13,sauber,0.1111111111111111
2018,13,toro_rosso,0.2222222222222222
2018,13,williams,0.0
2018,14,ferrari,0.8888888888888888
2018,14,force_india,0.5555555555555556
2018,14,haas,0.4444444444444444
2018,14,mclaren,0.3333333333333333
2018,14,mercedes,1.0
2018,14,red_bull,0.7777777777777778
2018,14,renault,0.6666666666666667
2018,14,sauber,0.1111111111111111
2018,14,toro_rosso,0.2222222222222222
2018,14,williams,0.0
2018,15,ferrari,0.8888888888888888
2018,15,force_india,0.6666666666666667
2018,15,haas,0.4444444444444444
2018,15,mclaren,0.3333333333333333
2018,15,mercedes,1.0
2018,15,red_bull,0.7777777777777778
2018,15,renault,0.5555555555555556
2018,15,sauber,0.1111111111111111
2018,15,toro_rosso,0.2222222222222222
2018,15,williams,0.0
2018,16,ferrari,0.8888888888888888
2018,16,force_india,0.6666666666666667
2018,16,haas,0.4444444444444444
2018,16,mclaren,0.3333333333333333
2018,16,mercedes,1.0
2018,16,red_bull,0.7777777777777778
2018,16,renault,0.5555555555555556
2018,16,sauber,0.1111111111111111
2018,16,toro_rosso,0.2222222222222222
2018,16,williams,0.0
2018,17,ferrari,0.8888888888888888
2018,17,force_india,0.6666666666666667
2018,17,haas,0.4444444444444444
2018,17,mclaren,0.3333333333333333
2018,17,mercedes,1.0
2018,17,red_bull,0.7777777777777778
2018,17,renault,0.5555555555555556
2018,17,sauber,0.1111111111111111
2018,17,toro_rosso,0.2222222222222222
2018,17,williams,0.0
2018,18,ferrari,0.8888888888888888
2018,18,force_india,0.6666666666666667
2018,18,haas,0.4444444444444444
2018,18,mclaren,0.3333333333333333
2018,18,mercedes,1.0
2018,18,red_bull,0.7777777777777778
2018,18,renault,0.5555555555555556
2018,18,sauber,0.1111111111111111
2018,18,toro_rosso,0.2222222222222222
2018,18,williams,0.0
2018,19,ferrari,0.8888888888888888
2018,19,force_india,0.6666666666666667
2018,19,haas,0.4444444444444444
2018,19,mclaren,0.3333333333333333
2018,19,mercedes,1.0
2018,19,red_bull,0.7777777777777778
2018,19,renault,0.5555555555555556
2018,19,sauber,0.1111111111111111
2018,19,toro_rosso,0.2222222222222222
2018,19,williams,0.0
2018,20,ferrari,0.8888888888888888
2018,20,force_india,0.5555555555555556
2018,20,haas,0.4444444444444444
2018,20,mclaren,0.3333333333333333
2018,20,mercedes,1.0
2018,20,red_bull,0.7777777777777778
2018,20,renault,0.6666666666666667
2018,20,sauber,0.2222222222222222
2018,20,toro_rosso,0.1111111111111111
2018,20,williams,0.0
2018,21,ferrari,0.8888888888888888
2018,21,force_india,0.5555555555555556
2018,21,haas,0.4444444444444444
2018,21,mclaren,0.3333333333333333
2018,21,mercedes,1.0
2018,21,red_bull,0.7777777777777778
2018,21,renault,0.6666666666666667
2018,21,sauber,0.2222222222222222
2018,21,toro_rosso,0.1111111111111111
2018,21,williams,0.0
2019,1,alfa,0.4444444444444444
2019,1,ferrari,0.8888888888888888
2019,1,haas,0.6666666666666667
2019,1,mclaren,0.1111111111111111
2019,1,mercedes,1.0
2019,1,racing_point,0.3333333333333333
2019,1,red_bull,0.7777777777777778
2019,1,renault,0.5555555555555556
2019,1,toro_rosso,0.2222222222222222
2019,1,williams,0.0
2019,2,alfa,0.4444444444444444
2019,2,ferrari,0.8888888888888888
2019,2,haas,0.6666666666666667
2019,2,mclaren,0.1111111111111111
2019,2,mercedes,1.0
2019,2,racing_point,0.3333333333333333
2019,2,red_bull,0.7777777777777778
2019,2,renault,0.5555555555555556
2019,2,toro_rosso,0.2222222222222222
2019,2,williams,0.0
2019,3,alfa,0.6666666666666667
2019,3,ferrari,0.8888888888888888
2019,3,haas,0.4444444444444444
2019,3,mclaren,0.5555555555555556
2019,3,mercedes,1.0
2019,3,racing_point,0.1111111111111111
2019,3,red_bull,0.7777777777777778
2019,3,renault,0.3333333333333333
2019,3,toro_rosso,0.2222222222222222
2019,3,williams,0.0
2019,4,alfa,0.5555555555555556
2019,4,ferrari,0.8888888888888888
2019,4,haas,0.4444444444444444
2019,4,mclaren,0.3333333333333333
2019,4,mercedes,1.0
2019,4,racing_point,0.2222222222222222
2019,4,red_bull,0.7777777777777778
2019,4,renault,0.6666666666666667
2019,4,toro_rosso,0.1111111111111111
2019,4,williams,0.0
2019,5,alfa,0.4444444444444444
2019,5,ferrari,0.8888888888888888
2019,5,haas,0.2222222222222222
2019,5,mclaren,0.6666666666666667
2019,5,mercedes,1.0
2019,5,racing_point,0.5555555555555556
2019,5,red_bull,0.7777777777777778
2019,5,renault,0.3333333333333333
2019,5,toro_rosso,0.1111111111111111
2019,5,williams,0.0
2019,6,alfa,0.3333333333333333
2019,6,ferrari,0.8888888888888888
2019,6,haas,0.4444444444444444
2019,6,mclaren,0.6666666666666667
2019,6,mercedes,1.0
2019,6,racing_point,0.5555555555555556
2019,6,red_bull,0.7777777777777778
2019,6,renault,0.2222222222222222
2019,6,toro_rosso,0.1111111111111111
2019,6,williams,0.0
2019,7,alfa,0.1111111111111111
2019,7,ferrari,0.8888888888888888
2019,7,haas,0.4444444444444444
2019,7,mclaren,0.6666666666666667
2019,7,mercedes,1.0
2019,7,racing_point,0.5555555555555556
2019,7,red_bull,0.7777777777777778
2019,7,renault,0.2222222222222222
2019,7,toro_rosso,0.3333333333333333
2019,7,williams,0.0
2019,8,alfa,0.1111111111111111
2019,8,ferrari,0.8888888888888888
2019,8,haas,0.2222222222222222
2019,8,mclaren,0.6666666666666667
2019,8,mercedes,1.0
2019,8,racing_point,0.4444444444444444
2019,8,red_bull,0.7777777777777778
2019,8,renault,0.5555555555555556
2019,8,toro_rosso,0.3333333333333333
2019,8,williams,0.0
2019,9,alfa,0.3333333333333333
2019,9,ferrari,0.8888888888888888
2019,9,haas,0.1111111111111111
2019,9,mclaren,0.6666666666666667
2019,9,mercedes,1.0
2019,9,racing_point,0.4444444444444444
2019,9,red_bull,0.7777777777777778
2019,9,renault,0.5555555555555556
2019,9,toro_rosso,0.2222222222222222
2019,9,williams,0.0
2019,10,alfa,0.4444444444444444
2019,10,ferrari,0.8888888888888888
2019,10,haas,0.1111111111111111
2019,10,mclaren,0.6666666666666667
2019,10,mercedes,1.0
2019,10,racing_point,0.3333333333333333
2019,10,red_bull,0.7777777777777778
2019,10,renault,0.5555555555555556
2019,10,toro_rosso,0.2222222222222222
2019,10,williams,0.0
2019,11,alfa,0.4444444444444444
2019,11,ferrari,0.8888888888888888
2019,11,haas,0.1111111111111111
2019,11,mclaren,0.6666666666666667
2019,11,mercedes,1.0
2019,11,racing_point,0.3333333333333333
2019,11,red_bull,0.7777777777777778
2019,11,renault,0.5555555555555556
2019,11,toro_rosso,0.2222222222222222
2019,11,williams,0.0
2019,12,alfa,0.1111111111111111
2019,12,ferrari,0.8888888888888888
2019,12,haas,0.2222222222222222
2019,12,mclaren,0.6666666666666667
2019,12,mercedes,1.0
2019,12,racing_point,0.3333333333333333
2019,12,red_bull,0.7777777777777778
2019,12,renault,0.4444444444444444
2019,12,toro_rosso,0.5555555555555556
2019,12,williams,0.0
2019,13,alfa,0.3333333333333333
2019,13,ferrari,0.8888888888888888
2019,13,haas,0.1111111111111111
2019,13,mclaren,0.6666666666666667
2019,13,mercedes,1.0
2019,13,racing_point,0.2222222222222222
2019,13,red_bull,0.7777777777777778
2019,13,renault,0.4444444444444444
2019,13,toro_rosso,0.5555555555555556
2019,13,williams,0.0
2019,14,alfa,0.2222222222222222
2019,14,ferrari,0.8888888888888888
2019,14,haas,0.1111111111111111
2019,14,mclaren,0.6666666666666667
2019,14,mercedes,1.0
2019,14,racing_point,0.3333333333333333
2019,14,red_bull,0.7777777777777778
2019,14,renault,0.4444444444444444
2019,14,toro_rosso,0.5555555555555556
2019,14,williams,0.0
2019,15,alfa,0.2222222222222222
2019,15,ferrari,0.8888888888888888
2019,15,haas,0.1111111111111111
2019,15,mclaren,0.6666666666666667
2019,15,mercedes,1.0
2019,15,racing_point,0.3333333333333333
2019,15,red_bull,0.7777777777777778
2019,15,renault,0.5555555555555556
2019,15,toro_rosso,0.4444444444444444
2019,15,williams,0.0
2019,16,alfa,0.2222222222222222
2019,16,ferrari,0.8888888888888888
2019,16,haas,0.1111111111111111
2019,16,mclaren,0.6666666666666667
2019,16,mercedes,1.0
2019,16,racing_point,0.3333333333333333
2019,16,red_bull,0.7777777777777778
2019,16,renault,0.5555555555555556
2019,16,toro_rosso,0.4444444444444444
2019,16,williams,0.0
2019,17,alfa,0.2222222222222222
2019,17,ferrari,0.8888888888888888
2019,17,haas,0.1111111111111111
2019,17,mclaren,0.6666666666666667
2019,17,mercedes,1.0
2019,17,racing_point,0.3333333333333333
2019,17,red_bull,0.7777777777777778
2019,17,renault,0.5555555555555556
2019,17,toro_rosso,0.4444444444444444
2019,17,williams,0.0
2019,18,alfa,0.2222222222222222
2019,18,ferrari,0.8888888888888888
2019,18,haas,0.1111111111111111
2019,18,mclaren,0.6666666666666667
2019,18,mercedes,1.0
2019,18,racing_point,0.3333333333333333
2019,18,red_bull,0.7777777777777778
2019,18,renault,0.5555555555555556
2019,18,toro_rosso,0.4444444444444444
2019,18,williams,0.0
2019,19,alfa,0.2222222222222222
2019,19,ferrari,0.8888888888888888
2019,19,haas,0.1111111111111111
2019,19,mclaren,0.6666666666666667
2019,19,mercedes,1.0
2019,19,racing_point,0.3333333333333333
2019,19,red_bull,0.7777777777777778
2019,19,renault,0.5555555555555556
2019,19,toro_rosso,0.4444444444444444
2019,19,williams,0.0
2019,20,alfa,0.2222222222222222
2019,20,ferrari,0.8888888888888888
2019,20,haas,0.1111111111111111
2019,20,mclaren,0.6666666666666667
2019,20,mercedes,1.0
2019,20,racing_point,0.4444444444444444
2019,20,red_bull,0.7777777777777778
2019,20,renault,0.5555555555555556
2019,20,toro_rosso,0.3333333333333333
2019,20,williams,0.0
2019,21,alfa,0.2222222222222222
2019,21,ferrari,0.8888888888888888
2019,21,haas,0.1111111111111111
2019,21,mclaren,0.6666666666666667
2019,21,mercedes,1.0
2019,21,racing_point,0.3333333333333333
2019,21,red_bull,0.7777777777777778
2019,21,renault,0.5555555555555556
2019,21,toro_rosso,0.4444444444444444
2019,21,williams,0.0
2020,1,alfa,0.4444444444444444
2020,1,alphatauri,0.6666666666666667
2020,1,ferrari,0.7777777777777778
2020,1,haas,0.0
2020,1,mclaren,0.8888888888888888
2020,1,mercedes,1.0
2020,1,racing_point,0.3333333333333333
2020,1,red_bull,0.1111111111111111
2020,1,renault,0.5555555555555556
2020,1,williams,0.2222222222222222
2020,2,alfa,0.4444444444444444
2020,2,alphatauri,0.6666666666666667
2020,2,ferrari,0.7777777777777778
2020,2,haas,0.0
2020,2,mclaren,0.8888888888888888
2020,2,mercedes,1.0
2020,2,racing_point,0.3333333333333333
2020,2,red_bull,0.1111111111111111
2020,2,renault,0.5555555555555556
2020,2,williams,0.2222222222222222
2020,3,alfa,0.2222222222222222
2020,3,alphatauri,0.3333333333333333
2020,3,ferrari,0.6666666666666667
2020,3,haas,0.0
2020,3,mclaren,0.8888888888888888
2020,3,mercedes,1.0
2020,3,racing_point,0.4444444444444444
2020,3,red_bull,0.7777777777777778
2020,3,renault,0.5555555555555556
2020,3,williams,0.1111111111111111
2020,4,alfa,0.2222222222222222
2020,4,alphatauri,0.3333333333333333
2020,4,ferrari,0.6666666666666667
2020,4,haas,0.1111111111111111
2020,4,mclaren,0.7777777777777778
2020,4,mercedes,1.0
2020,4,racing_point,0.5555555555555556
2020,4,red_bull,0.8888888888888888
2020,4,renault,0.4444444444444444
2020,4,williams,0.0
2020,5,alfa,0.2222222222222222
2020,5,alphatauri,0.3333333333333333
2020,5,ferrari,0.6666666666666667
2020,5,haas,0.1111111111111111
2020,5,mclaren,0.7777777777777778
2020,5,mercedes,1.0
2020,5,racing_point,0.4444444444444444
2020,5,red_bull,0.8888888888888888
2020,5,renault,0.5555555555555556
2020,5,williams,0.0
2020,6,alfa,0.2222222222222222
2020,6,alphatauri,0.3333333333333333
2020,6,ferrari,0.7777777777777778
2020,6,haas,0.1111111111111111
2020,6,mclaren,0.6666666666666667
2020,6,mercedes,1.0
2020,6,racing_point,0.5555555555555556
2020,6,red_bull,0.8888888888888888
2020,6,renault,0.4444444444444444
2020,6,williams,0.0
2020,7,alfa,0.2222222222222222
2020,7,alphatauri,0.3333333333333333
2020,7,ferrari,0.5555555555555556
2020,7,haas,0.1111111111111111
2020,7,mclaren,0.6666666666666667
2020,7,mercedes,1.0
2020,7,racing_point,0.7777777777777778
2020,7,red_bull,0.8888888888888888
2020,7,renault,0.4444444444444444
2020,7,williams,0.0
2020,8,alfa,0.2222222222222222
2020,8,alphatauri,0.3333333333333333
2020,8,ferrari,0.5555555555555556
2020,8,haas,0.1111111111111111
2020,8,mclaren,0.7777777777777778
2020,8,mercedes,1.0
2020,8,racing_point,0.6666666666666667
2020,8,red_bull,0.8888888888888888
2020,8,renault,0.4444444444444444
2020,8,williams,0.0
2020,9,alfa,0.2222222222222222
2020,9,alphatauri,0.3333333333333333
2020,9,ferrari,0.4444444444444444
2020,9,haas,0.1111111111111111
2020,9,mclaren,0.7777777777777778
2020,9,mercedes,1.0
2020,9,racing_point,0.6666666666666667
2020,9,red_bull,0.8888888888888888
2020,9,renault,0.5555555555555556
2020,9,williams,0.0
2020,10,alfa,0.2222222222222222
2020,10,alphatauri,0.3333333333333333
2020,10,ferrari,0.4444444444444444
2020,10,haas,0.1111111111111111
2020,10,mclaren,0.7777777777777778
2020,10,mercedes,1.0
2020,10,racing_point,0.6666666666666667
2020,10,red_bull,0.8888888888888888
2020,10,renault,0.5555555555555556
2020,10,williams,0.0
2020,11,alfa,0.2222222222222222
2020,11,alphatauri,0.3333333333333333
2020,11,ferrari,0.4444444444444444
2020,11,haas,0.1111111111111111
2020,11,mclaren,0.7777777777777778
2020,11,mercedes,1.0
2020,11,racing_point,0.6666666666666667
2020,11,red_bull,0.8888888888888888
2020,11,renault,0.5555555555555556
2020,11,williams,0.0
2020,12,alfa,0.2222222222222222
2020,12,alphatauri,0.3333333333333333
2020,12,ferrari,0.4444444444444444
2020,12,haas,0.1111111111111111
2020,12,mclaren,0.6666666666666667
2020,12,mercedes,1.0
2020,12,racing_point,0.7777777777777778
2020,12,red_bull,0.8888888888888888
2020,12,renault,0.5555555555555556
2020,12,williams,0.0
2020,13,alfa,0.2222222222222222
2020,13,alphatauri,0.3333333333333333
2020,13,ferrari,0.4444444444444444
2020,13,haas,0.1111111111111111
2020,13,mclaren,0.6666666666666667
2020,13,mercedes,1.0
2020,13,racing_point,0.7777777777777778
2020,13,red_bull,0.8888888888888888
2020,13,renault,0.5555555555555556
2020,13,williams,0.0
2020,14,alfa,0.2222222222222222
2020,14,alphatauri,0.3333333333333333
2020,14,ferrari,0.4444444444444444
2020,14,haas,0.1111111111111111
2020,14,mclaren,0.6666666666666667
2020,14,mercedes,1.0
2020,14,racing_point,0.5555555555555556
2020,14,red_bull,0.8888888888888888
2020,14,renault,0.7777777777777778
2020,14,williams,0.0
2020,15,alfa,0.2222222222222222
2020,15,alphatauri,0.3333333333333333
2020,15,ferrari,0.4444444444444444
2020,15,haas,0.1111111111111111
2020,15,mclaren,0.6666666666666667
2020,15,mercedes,1.0
2020,15,racing_point,0.7777777777777778
2020,15,red_bull,0.8888888888888888
2020,15,renault,0.5555555555555556
2020,15,williams,0.0
2020,16,alfa,0.2222222222222222
2020,16,alphatauri,0.3333333333333333
2020,16,ferrari,0.4444444444444444
2020,16,haas,0.1111111111111111
2020,16,mclaren,0.7777777777777778
2020,16,mercedes,1.0
2020,16,racing_point,0.6666666666666667
2020,16,red_bull,0.8888888888888888
2020,16,renault,0.5555555555555556
2020,16,williams,0.0
2020,17,alfa,0.2222222222222222
2020,17,alphatauri,0.3333333333333333
2020,17,ferrari,0.4444444444444444
2020,17,haas,0.1111111111111111
2020,17,mclaren,0.6666666666666667
2020,17,mercedes,1.0
2020,17,racing_point,0.7777777777777778
2020,17,red_bull,0.8888888888888888
2020,17,renault,0.5555555555555556
2020,17,williams,0.0
2021,1,alfa,0.3333333333333333
2021,1,alphatauri,0.5555555555555556
2021,1,alpine,0.2222222222222222
2021,1,aston_martin,0.4444444444444444
2021,1,ferrari,0.6666666666666667
2021,1,haas,0.0
2021,1,mclaren,0.7777777777777778
2021,1,mercedes,1.0
2021,1,red_bull,0.8888888888888888
2021,1,williams,0.1111111111111111
2021,2,alfa,0.3333333333333333
2021,2,alphatauri,0.5555555555555556
2021,2,alpine,0.2222222222222222
2021,2,aston_martin,0.4444444444444444
2021,2,ferrari,0.6666666666666667
2021,2,haas,0.0
2021,2,mclaren,0.7777777777777778
2021,2,mercedes,1.0
2021,2,red_bull,0.8888888888888888
2021,2,williams,0.1111111111111111
2021,3,alfa,0.2222222222222222
2021,3,alphatauri,0.5555555555555556
2021,3,alpine,0.3333333333333333
2021,3,aston_martin,0.4444444444444444
2021,3,ferrari,0.6666666666666667
2021,3,haas,0.0
2021,3,mclaren,0.7777777777777778
2021,3,mercedes,1.0
2021,3,red_bull,0.8888888888888888
2021,3,williams,0.1111111111111111
2021,4,alfa,0.2222222222222222
2021,4,alphatauri,0.4444444444444444
2021,4,alpine,0.5555555555555556
2021,4,aston_martin,0.3333333333333333
2021,4,ferrari,0.6666666666666667
2021,4,haas,0.0
2021,4,mclaren,0.7777777777777778
2021,4,mercedes,1.0
2021,4,red_bull,0.8888888888888888
2021,4,williams,0.1111111111111111
2021,5,alfa,0.2222222222222222
2021,5,alphatauri,0.4444444444444444
2021,5,alpine,0.5555555555555556
2021,5,aston_martin,0.3333333333333333
2021,5,ferrari,0.6666666666666667
2021,5,haas,0.0
2021,5,mclaren,0.7777777777777778
2021,5,mercedes,1.0
2021,5,red_bull,0.8888888888888888
2021,5,williams,0.1111111111111111
2021,6,alfa,0.2222222222222222
2021,6,alphatauri,0.4444444444444444
2021,6,alpine,0.3333333333333333
2021,6,aston_martin,0.5555555555555556
2021,6,ferrari,0.6666666666666667
2021,6,haas,0.0
2021,6,mclaren,0.7777777777777778
2021,6,mercedes,0.8888888888888888
2021,6,red_bull,1.0
2021,6,williams,0.1111111111111111
2021,7,alfa,0.2222222222222222
2021,7,alphatauri,0.5555555555555556
2021,7,alpine,0.3333333333333333
2021,7,aston_martin,0.4444444444444444
2021,7,ferrari,0.7777777777777778
2021,7,haas,0.1111111111111111
2021,7,mclaren,0.6666666666666667
2021,7,mercedes,0.8888888888888888
2021,7,red_bull,1.0
2021,7,williams,0.0
2021,8,alfa,0.2222222222222222
2021,8,alphatauri,0.5555555555555556
2021,8,alpine,0.3333333333333333
2021,8,aston_martin,0.4444444444444444
2021,8,ferrari,0.6666666666666667
2021,8,haas,0.0
2021,8,mclaren,0.7777777777777778
2021,8,mercedes,0.8888888888888888
2021,8,red_bull,1.0
2021,8,williams,0.1111111111111111
2021,9,alfa,0.2222222222222222
2021,9,alphatauri,0.5555555555555556
2021,9,alpine,0.3333333333333333
2021,9,aston_martin,0.4444444444444444
2021,9,ferrari,0.6666666666666667
2021,9,haas,0.0
2021,9,mclaren,0.7777777777777778
2021,9,mercedes,0.8888888888888888
2021,9,red_bull,1.0
2021,9,williams,0.1111111111111111
2021,10,alfa,0.2222222222222222
2021,10,alphatauri,0.5555555555555556
2021,10,alpine,0.3333333333333333
2021,10,aston_martin,0.4444444444444444
2021,10,ferrari,0.6666666666666667
2021,10,haas,0.0
2021,10,mclaren,0.7777777777777778
2021,10,mercedes,0.8888888888888888
2021,10,red_bull,1.0
2021,10,williams,0.1111111111111111
2021,11,alfa,0.2222222222222222
2021,11,alphatauri,0.5555555555555556
2021,11,alpine,0.3333333333333333
2021,11,aston_martin,0.4444444444444444
2021,11,ferrari,0.6666666666666667
2021,11,haas,0.0
2021,11,mclaren,0.7777777777777778
2021,11,mercedes,0.8888888888888888
2021,11,red_bull,1.0
2021,11,williams,0.1111111111111111
2021,12,alfa,0.1111111111111111
2021,12,alphatauri,0.4444444444444444
2021,12,alpine,0.5555555555555556
2021,12,aston_martin,0.3333333333333333
2021,12,ferrari,0.7777777777777778
2021,12,haas,0.0
2021,12,mclaren,0.6666666666666667
2021,12,mercedes,1.0
2021,12,red_bull,0.8888888888888888
2021,12,williams,0.2222222222222222
2021,13,alfa,0.1111111111111111
2021,13,alphatauri,0.4444444444444444
2021,13,alpine,0.5555555555555556
2021,13,aston_martin,0.3333333333333333
2021,13,ferrari,0.6666666666666667
2021,13,haas,0.0
2021,13,mclaren,0.7777777777777778
2021,13,mercedes,1.0
2021,13,red_bull,0.8888888888888888
2021,13,williams,0.2222222222222222
2021,14,alfa,0.1111111111111111
2021,14,alphatauri,0.4444444444444444
2021,14,alpine,0.5555555555555556
2021,14,aston_martin,0.3333333333333333
2021,14,ferrari,0.7777777777777778
2021,14,haas,0.0
2021,14,mclaren,0.6666666666666667
2021,14,mercedes,1.0
2021,14,red_bull,0.8888888888888888
2021,14,williams,0.2222222222222222
2021,15,alfa,0.1111111111111111
2021,15,alphatauri,0.4444444444444444
2021,15,alpine,0.5555555555555556
2021,15,aston_martin,0.3333333333333333
2021,15,ferrari,0.6666666666666667
2021,15,haas,0.0
2021,15,mclaren,0.7777777777777778
2021,15,mercedes,1.0
2021,15,red_bull,0.8888888888888888
2021,15,williams,0.2222222222222222
2021,16,alfa,0.1111111111111111
2021,16,alphatauri,0.4444444444444444
2021,16,alpine,0.5555555555555556
2021,16,aston_martin,0.3333333333333333
2021,16,ferrari,0.6666666666666667
2021,16,haas,0.0
2021,16,mclaren,0.7777777777777778
2021,16,mercedes,1.0
2021,16,red_bull,0.8888888888888888
2021,16,williams,0.2222222222222222
2021,17,alfa,0.1111111111111111
2021,17,alphatauri,0.4444444444444444
2021,17,alpine,0.5555555555555556
2021,17,aston_martin,0.3333333333333333
2021,17,ferrari,0.6666666666666667
2021,17,haas,0.0
2021,17,mclaren,0.7777777777777778
2021,17,mercedes,1.0
2021,17,red_bull,0.8888888888888888
2021,17,williams,0.2222222222222222
2021,18,alfa,0.1111111111111111
2021,18,alphatauri,0.4444444444444444
2021,18,alpine,0.5555555555555556
2021,18,aston_martin,0.3333333333333333
2021,18,ferrari,0.6666666666666667
2021,18,haas,0.0
2021,18,mclaren,0.7777777777777778
2021,18,mercedes,1.0
2021,18,red_bull,0.8888888888888888
2021,18,williams,0.2222222222222222
2021,19,alfa,0.1111111111111111
2021,19,alphatauri,0.4444444444444444
2021,19,alpine,0.5555555555555556
2021,19,aston_martin,0.3333333333333333
2021,19,ferrari,0.7777777777777778
2021,19,haas,0.0
2021,19,mclaren,0.6666666666666667
2021,19,mercedes,1.0
2021,19,red_bull,0.8888888888888888
2021,19,williams,0.2222222222222222
2021,20,alfa,0.1111111111111111
2021,20,alphatauri,0.4444444444444444
2021,20,alpine,0.5555555555555556
2021,20,aston_martin,0.3333333333333333
2021,20,ferrari,0.7777777777777778
2021,20,haas,0.0
2021,20,mclaren,0.6666666666666667
2021,20,mercedes,1.0
2021,20,red_bull,0.8888888888888888
2021,20,williams,0.2222222222222222
2021,21,alfa,0.1111111111111111
2021,21,alphatauri,0.4444444444444444
2021,21,alpine,0.5555555555555556
2021,21,aston_martin,0.3333333333333333
2021,21,ferrari,0.7777777777777778
2021,21,haas,0.0
2021,21,mclaren,0.6666666666666667
2021,21,mercedes,1.0
2021,21,red_bull,0.8888888888888888
2021,21,williams,0.2222222222222222
2021,22,alfa,0.1111111111111111
2021,22,alphatauri,0.4444444444444444
2021,22,alpine,0.5555555555555556
2021,22,aston_martin,0.3333333333333333
2021,22,ferrari,0.7777777777777778
2021,22,haas,0.0
2021,22,mclaren,0.6666666666666667
2021,22,mercedes,1.0
2021,22,red_bull,0.8888888888888888
2021,22,williams,0.2222222222222222
2022,1,alfa,0.6666666666666667
2022,1,alphatauri,0.4444444444444444
2022,1,alpine,0.5555555555555556
2022,1,aston_martin,0.3333333333333333
2022,1,ferrari,1.0
2022,1,haas,0.7777777777777778
2022,1,mclaren,0.1111111111111111
2022,1,mercedes,0.8888888888888888
2022,1,red_bull,0.0
2022,1,williams,0.2222222222222222
2022,2,alfa,0.6666666666666667
2022,2,alphatauri,0.4444444444444444
2022,2,alpine,0.5555555555555556
2022,2,aston_martin,0.3333333333333333
2022,2,ferrari,1.0
2022,2,haas,0.7777777777777778
2022,2,mclaren,0.1111111111111111
2022,2,mercedes,0.8888888888888888
2022,2,red_bull,0.0
2022,2,williams,0.2222222222222222
2022,3,alfa,0.4444444444444444
2022,3,alphatauri,0.3333333333333333
2022,3,alpine,0.6666666666666667
2022,3,aston_martin,0.1111111111111111
2022,3,ferrari,1.0
2022,3,haas,0.5555555555555556
2022,3,mclaren,0.2222222222222222
2022,3,mercedes,0.8888888888888888
2022,3,red_bull,0.7777777777777778
2022,3,williams,0.0
2022,4,alfa,0.4444444444444444
2022,4,alphatauri,0.2222222222222222
2022,4,alpine,0.5555555555555556
2022,4,aston_martin,0.0
2022,4,ferrari,1.0
2022,4,haas,0.3333333333333333
2022,4,mclaren,0.6666666666666667
2022,4,mercedes,0.8888888888888888
2022,4,red_bull,0.7777777777777778
2022,4,williams,0.1111111111111111
2022,5,alfa,0.5555555555555556
2022,5,alphatauri,0.3333333333333333
2022,5,alpine,0.4444444444444444
2022,5,aston_martin,0.1111111111111111
2022,5,ferrari,1.0
2022,5,haas,0.2222222222222222
2022,5,mclaren,0.6666666666666667
2022,5,mercedes,0.7777777777777778
2022,5,red_bull,0.8888888888888888
2022,5,williams,0.0
2022,6,alfa,0.5555555555555556
2022,6,alphatauri,0.3333333333333333
2022,6,alpine,0.4444444444444444
2022,6,aston_martin,0.1111111111111111
2022,6,ferrari,1.0
2022,6,haas,0.2222222222222222
2022,6,mclaren,0.6666666666666667
2022,6,mercedes,0.7777777777777778
2022,6,red_bull,0.8888888888888888
2022,6,williams,0.0
2022,7,alfa,0.5555555555555556
2022,7,alphatauri,0.3333333333333333
2022,7,alpine,0.4444444444444444
2022,7,aston_martin,0.1111111111111111
2022,7,ferrari,0.8888888888888888
2022,7,haas,0.2222222222222222
2022,7,mclaren,0.6666666666666667
2022,7,mercedes,0.7777777777777778
2022,7,red_bull,1.0
2022,7,williams,0.0
2022,8,alfa,0.5555555555555556
2022,8,alphatauri,0.3333333333333333
2022,8,alpine,0.4444444444444444
2022,8,aston_martin,0.1111111111111111
2022,8,ferrari,0.8888888888888888
2022,8,haas,0.2222222222222222
2022,8,mclaren,0.6666666666666667
2022,8,mercedes,0.7777777777777778
2022,8,red_bull,1.0
2022,8,williams,0.0
2022,9,alfa,0.4444444444444444
2022,9,alphatauri,0.3333333333333333
2022,9,alpine,0.5555555555555556
2022,9,aston_martin,0.1111111111111111
2022,9,ferrari,0.8888888888888888
2022,9,haas,0.2222222222222222
2022,9,mclaren,0.6666666666666667
2022,9,mercedes,0.7777777777777778
2022,9,red_bull,1.0
2022,9,williams,0.0
2022,10,alfa,0.4444444444444444
2022,10,alphatauri,0.3333333333333333
2022,10,alpine,0.5555555555555556
2022,10,aston_martin,0.2222222222222222
2022,10,ferrari,0.8888888888888888
2022,10,haas,0.1111111111111111
2022,10,mclaren,0.6666666666666667
2022,10,mercedes,0.7777777777777778
2022,10,red_bull,1.0
2022,10,williams,0.0
2022,11,alfa,0.4444444444444444
2022,11,alphatauri,0.3333333333333333
2022,11,alpine,0.5555555555555556
2022,11,aston_martin,0.1111111111111111
2022,11,ferrari,0.8888888888888888
2022,11,haas,0.2222222222222222
2022,11,mclaren,0.6666666666666667
2022,11,mercedes,0.7777777777777778
2022,11,red_bull,1.0
2022,11,williams,0.0
2022,12,alfa,0.4444444444444444
2022,12,alphatauri,0.2222222222222222
2022,12,alpine,0.5555555555555556
2022,12,aston_martin,0.1111111111111111
2022,12,ferrari,0.8888888888888888
2022,12,haas,0.3333333333333333
2022,12,mclaren,0.6666666666666667
2022,12,mercedes,0.7777777777777778
2022,12,red_bull,1.0
2022,12,williams,0.0
2022,13,alfa,0.4444444444444444
2022,13,alphatauri,0.2222222222222222
2022,13,alpine,0.6666666666666667
2022,13,aston_martin,0.1111111111111111
2022,13,ferrari,0.8888888888888888
2022,13,haas,0.3333333333333333
2022,13,mclaren,0.5555555555555556
2022,13,mercedes,0.7777777777777778
2022,13,red_bull,1.0
2022,13,williams,0.0
2022,14,alfa,0.4444444444444444
2022,14,alphatauri,0.2222222222222222
2022,14,alpine,0.6666666666666667
2022,14,aston_martin,0.1111111111111111
2022,14,ferrari,0.8888888888888888
2022,14,haas,0.3333333333333333
2022,14,mclaren,0.5555555555555556
2022,14,mercedes,0.7777777777777778
2022,14,red_bull,1.0
2022,14,williams,0.0
2022,15,alfa,0.4444444444444444
2022,15,alphatauri,0.2222222222222222
2022,15,alpine,0.6666666666666667
2022,15,aston_martin,0.1111111111111111
2022,15,ferrari,0.8888888888888888
2022,15,haas,0.3333333333333333
2022,15,mclaren,0.5555555555555556
2022,15,mercedes,0.7777777777777778
2022,15,red_bull,1.0
2022,15,williams,0.0
2022,16,alfa,0.4444444444444444
2022,16,alphatauri,0.2222222222222222
2022,16,alpine,0.6666666666666667
2022,16,aston_martin,0.1111111111111111
2022,16,ferrari,0.8888888888888888
2022,16,haas,0.3333333333333333
2022,16,mclaren,0.5555555555555556
2022,16,mercedes,0.7777777777777778
2022,16,red_bull,1.0
2022,16,williams,0.0
2022,17,alfa,0.4444444444444444
2022,17,alphatauri,0.2222222222222222
2022,17,alpine,0.6666666666666667
2022,17,aston_martin,0.1111111111111111
2022,17,ferrari,0.8888888888888888
2022,17,haas,0.3333333333333333
2022,17,mclaren,0.5555555555555556
2022,17,mercedes,0.7777777777777778
2022,17,red_bull,1.0
2022,17,williams,0.0
2022,18,alfa,0.4444444444444444
2022,18,alphatauri,0.1111111111111111
2022,18,alpine,0.5555555555555556
2022,18,aston_martin,0.3333333333333333
2022,18,ferrari,0.8888888888888888
2022,18,haas,0.2222222222222222
2022,18,mclaren,0.6666666666666667
2022,18,mercedes,0.7777777777777778
2022,18,red_bull,1.0
2022,18,williams,0.0
2022,19,alfa,0.4444444444444444
2022,19,alphatauri,0.1111111111111111
2022,19,alpine,0.6666666666666667
2022,19,aston_martin,0.3333333333333333
2022,19,ferrari,0.8888888888888888
2022,19,haas,0.2222222222222222
2022,19,mclaren,0.5555555555555556
2022,19,mercedes,0.7777777777777778
2022,19,red_bull,1.0
2022,19,williams,0.0
2022,20,alfa,0.4444444444444444
2022,20,alphatauri,0.1111111111111111
2022,20,alpine,0.6666666666666667
2022,20,aston_martin,0.3333333333333333
2022,20,ferrari,0.8888888888888888
2022,20,haas,0.2222222222222222
2022,20,mclaren,0.5555555555555556
2022,20,mercedes,0.7777777777777778
2022,20,red_bull,1.0
2022,20,williams,0.0
2022,21,alfa,0.4444444444444444
2022,21,alphatauri,0.1111111111111111
2022,21,alpine,0.6666666666666667
2022,21,aston_martin,0.3333333333333333
2022,21,ferrari,0.8888888888888888
2022,21,haas,0.2222222222222222
2022,21,mclaren,0.5555555555555556
2022,21,mercedes,0.7777777777777778
2022,21,red_bull,1.0
2022,21,williams,0.0
2022,22,alfa,0.4444444444444444
2022,22,alphatauri,0.1111111111111111
2022,22,alpine,0.6666666666666667
2022,22,aston_martin,0.3333333333333333
2022,22,ferrari,0.8888888888888888
2022,22,haas,0.2222222222222222
2022,22,mclaren,0.5555555555555556
2022,22,mercedes,0.7777777777777778
2022,22,red_bull,1.0
2022,22,williams,0.0
2023,1,alfa,0.5555555555555556
2023,1,alphatauri,0.2222222222222222
2023,1,alpine,0.4444444444444444
2023,1,aston_martin,0.8888888888888888
2023,1,ferrari,0.6666666666666667
2023,1,haas,0.1111111111111111
2023,1,mclaren,0.0
2023,1,mercedes,0.7777777777777778
2023,1,red_bull,1.0
2023,1,williams,0.3333333333333333
2023,2,alfa,0.5555555555555556
2023,2,alphatauri,0.2222222222222222
2023,2,alpine,0.4444444444444444
2023,2,aston_martin,0.8888888888888888
2023,2,ferrari,0.6666666666666667
2023,2,haas,0.1111111111111111
2023,2,mclaren,0.0
2023,2,mercedes,0.7777777777777778
2023,2,red_bull,1.0
2023,2,williams,0.3333333333333333
2023,3,alfa,0.4444444444444444
2023,3,alphatauri,0.1111111111111111
2023,3,alpine,0.5555555555555556
2023,3,aston_martin,0.8888888888888888
2023,3,ferrari,0.6666666666666667
2023,3,haas,0.3333333333333333
2023,3,mclaren,0.0
2023,3,mercedes,0.7777777777777778
2023,3,red_bull,1.0
2023,3,williams,0.2222222222222222
2023,4,alfa,0.2222222222222222
2023,4,alphatauri,0.1111111111111111
2023,4,alpine,0.4444444444444444
2023,4,aston_martin,0.8888888888888888
2023,4,ferrari,0.6666666666666667
2023,4,haas,0.3333333333333333
2023,4,mclaren,0.5555555555555556
2023,4,mercedes,0.7777777777777778
2023,4,red_bull,1.0
2023,4,williams,0.0
2023,5,alfa,0.2222222222222222
2023,5,alphatauri,0.1111111111111111
2023,5,alpine,0.4444444444444444
2023,5,aston_martin,0.8888888888888888
2023,5,ferrari,0.6666666666666667
2023,5,haas,0.3333333333333333
2023,5,mclaren,0.5555555555555556
2023,5,mercedes,0.7777777777777778
2023,5,red_bull,1.0
2023,5,williams,0.0
2023,6,alfa,0.2222222222222222
2023,6,alphatauri,0.1111111111111111
2023,6,alpine,0.4444444444444444
2023,6,aston_martin,0.8888888888888888
2023,6,ferrari,0.6666666666666667
2023,6,haas,0.3333333333333333
2023,6,mclaren,0.5555555555555556
2023,6,mercedes,0.7777777777777778
2023,6,red_bull,1.0
2023,6,williams,0.0
2023,7,alfa,0.2222222222222222
2023,7,alphatauri,0.1111111111111111
2023,7,alpine,0.5555555555555556
2023,7,aston_martin,0.8888888888888888
2023,7,ferrari,0.6666666666666667
2023,7,haas,0.3333333333333333
2023,7,mclaren,0.4444444444444444
2023,7,mercedes,0.7777777777777778
2023,7,red_bull,1.0
2023,7,williams,0.0
2023,8,alfa,0.2222222222222222
2023,8,alphatauri,0.1111111111111111
2023,8,alpine,0.5555555555555556
2023,8,aston_martin,0.7777777777777778
2023,8,ferrari,0.6666666666666667
2023,8,haas,0.3333333333333333
2023,8,mclaren,0.4444444444444444
2023,8,mercedes,0.8888888888888888
2023,8,red_bull,1.0
2023,8,williams,0.0
2023,9,alfa,0.3333333333333333
2023,9,alphatauri,0.0
2023,9,alpine,0.5555555555555556
2023,9,aston_martin,0.7777777777777778
2023,9,ferrari,0.6666666666666667
2023,9,haas,0.2222222222222222
2023,9,mclaren,0.4444444444444444
2023,9,mercedes,0.8888888888888888
2023,9,red_bull,1.0
2023,9,williams,0.1111111111111111
2023,10,alfa,0.2222222222222222
2023,10,alphatauri,0.0
2023,10,alpine,0.5555555555555556
2023,10,aston_martin,0.7777777777777778
2023,10,ferrari,0.6666666666666667
2023,10,haas,0.3333333333333333
2023,10,mclaren,0.4444444444444444
2023,10,mercedes,0.8888888888888888
2023,10,red_bull,1.0
2023,10,williams,0.1111111111111111
2023,11,alfa,0.1111111111111111
2023,11,alphatauri,0.0
2023,11,alpine,0.4444444444444444
2023,11,aston_martin,0.7777777777777778
2023,11,ferrari,0.6666666666666667
2023,11,haas,0.2222222222222222
2023,11,mclaren,0.5555555555555556
2023,11,mercedes,0.8888888888888888
2023,11,red_bull,1.0
2023,11,williams,0.3333333333333333
2023,12,alfa,0.1111111111111111
2023,12,alphatauri,0.0
2023,12,alpine,0.4444444444444444
2023,12,aston_martin,0.7777777777777778
2023,12,ferrari,0.6666666666666667
2023,12,haas,0.2222222222222222
2023,12,mclaren,0.5555555555555556
2023,12,mercedes,0.8888888888888888
2023,12,red_bull,1.0
2023,12,williams,0.3333333333333333
2023,13,alfa,0.1111111111111111
2023,13,alphatauri,0.0
2023,13,alpine,0.4444444444444444
2023,13,aston_martin,0.7777777777777778
2023,13,ferrari,0.6666666666666667
2023,13,haas,0.2222222222222222
2023,13,mclaren,0.5555555555555556
2023,13,mercedes,0.8888888888888888
2023,13,red_bull,1.0
2023,13,williams,0.3333333333333333
2023,14,alfa,0.1111111111111111
2023,14,alphatauri,0.0
2023,14,alpine,0.4444444444444444
2023,14,aston_martin,0.7777777777777778
2023,14,ferrari,0.6666666666666667
2023,14,haas,0.2222222222222222
2023,14,mclaren,0.5555555555555556
2023,14,mercedes,0.8888888888888888
2023,14,red_bull,1.0
2023,14,williams,0.3333333333333333
2023,15,alfa,0.1111111111111111
2023,15,alphatauri,0.0
2023,15,alpine,0.4444444444444444
2023,15,aston_martin,0.6666666666666667
2023,15,ferrari,0.7777777777777778
2023,15,haas,0.2222222222222222
2023,15,mclaren,0.5555555555555556
2023,15,mercedes,0.8888888888888888
2023,15,red_bull,1.0
2023,15,williams,0.3333333333333333
2023,16,alfa,0.1111111111111111
2023,16,alphatauri,0.0
2023,16,alpine,0.4444444444444444
2023,16,aston_martin,0.6666666666666667
2023,16,ferrari,0.7777777777777778
2023,16,haas,0.2222222222222222
2023,16,mclaren,0.5555555555555556
2023,16,mercedes,0.8888888888888888
2023,16,red_bull,1.0
2023,16,williams,0.3333333333333333
2023,17,alfa,0.1111111111111111
2023,17,alphatauri,0.0
2023,17,alpine,0.4444444444444444
2023,17,aston_martin,0.6666666666666667
2023,17,ferrari,0.7777777777777778
2023,17,haas,0.2222222222222222
2023,17,mclaren,0.5555555555555556
2023,17,mercedes,0.8888888888888888
2023,17,red_bull,1.0
2023,17,williams,0.3333333333333333
2023,18,alfa,0.2222222222222222
2023,18,alphatauri,0.0
2023,18,alpine,0.4444444444444444
2023,18,aston_martin,0.6666666666666667
2023,18,ferrari,0.7777777777777778
2023,18,haas,0.1111111111111111
2023,18,mclaren,0.5555555555555556
2023,18,mercedes,0.8888888888888888
2023,18,red_bull,1.0
2023,18,williams,0.3333333333333333
2023,19,alfa,0.2222222222222222
2023,19,alphatauri,0.0
2023,19,alpine,0.4444444444444444
2023,19,aston_martin,0.5555555555555556
2023,19,ferrari,0.7777777777777778
2023,19,haas,0.1111111111111111
2023,19,mclaren,0.6666666666666667
2023,19,mercedes,0.8888888888888888
2023,19,red_bull,1.0
2023,19,williams,0.3333333333333333
2023,20,alfa,0.1111111111111111
2023,20,alphatauri,0.2222222222222222
2023,20,alpine,0.4444444444444444
2023,20,aston_martin,0.5555555555555556
2023,20,ferrari,0.7777777777777778
2023,20,haas,0.0
2023,20,mclaren,0.6666666666666667
2023,20,mercedes,0.8888888888888888
2023,20,red_bull,1.0
2023,20,williams,0.3333333333333333
2023,21,alfa,0.1111111111111111
2023,21,alphatauri,0.2222222222222222
2023,21,alpine,0.4444444444444444
2023,21,aston_martin,0.5555555555555556
2023,21,ferrari,0.7777777777777778
2023,21,haas,0.0
2023,21,mclaren,0.6666666666666667
2023,21,mercedes,0.8888888888888888
2023,21,red_bull,1.0
2023,21,williams,0.3333333333333333
2023,22,alfa,0.1111111111111111
2023,22,alphatauri,0.2222222222222222
2023,22,alpine,0.4444444444444444
2023,22,aston_martin,0.5555555555555556
2023,22,ferrari,0.7777777777777778
2023,22,haas,0.0
2023,22,mclaren,0.6666666666666667
2023,22,mercedes,0.8888888888888888
2023,22,red_bull,1.0
2023,22,williams,0.3333333333333333
2024,1,alpine,0.0
2024,1,aston_martin,0.5555555555555556
2024,1,ferrari,0.8888888888888888
2024,1,haas,0.3333333333333333
2024,1,mclaren,0.6666666666666667
2024,1,mercedes,0.7777777777777778
2024,1,rb,0.2222222222222222
2024,1,red_bull,1.0
2024,1,sauber,0.4444444444444444
2024,1,williams,0.1111111111111111
2024,2,alpine,0.0
2024,2,aston_martin,0.5555555555555556
2024,2,ferrari,0.8888888888888888
2024,2,haas,0.3333333333333333
2024,2,mclaren,0.6666666666666667
2024,2,mercedes,0.7777777777777778
2024,2,rb,0.2222222222222222
2024,2,red_bull,1.0
2024,2,sauber,0.4444444444444444
2024,2,williams,0.1111111111111111
2024,3,alpine,0.0
2024,3,aston_martin,0.5555555555555556
2024,3,ferrari,0.8888888888888888
2024,3,haas,0.4444444444444444
2024,3,mclaren,0.7777777777777778
2024,3,mercedes,0.6666666666666667
2024,3,rb,0.1111111111111111
2024,3,red_bull,1.0
2024,3,sauber,0.2222222222222222
2024,3,williams,0.3333333333333333
2024,4,alpine,0.0
2024,4,aston_martin,0.5555555555555556
2024,4,ferrari,0.8888888888888888
2024,4,haas,0.3333333333333333
2024,4,mclaren,0.7777777777777778
2024,4,mercedes,0.6666666666666667
2024,4,rb,0.4444444444444444
2024,4,red_bull,1.0
2024,4,sauber,0.1111111111111111
2024,4,williams,0.2222222222222222
2024,5,alpine,0.0
2024,5,aston_martin,0.5555555555555556
2024,5,ferrari,0.8888888888888888
2024,5,haas,0.3333333333333333
2024,5,mclaren,0.7777777777777778
2024,5,mercedes,0.6666666666666667
2024,5,rb,0.4444444444444444
2024,5,red_bull,1.0
2024,5,sauber,0.1111111111111111
2024,5,williams,0.2222222222222222
2024,6,alpine,0.1111111111111111
2024,6,aston_martin,0.5555555555555556
2024,6,ferrari,0.8888888888888888
2024,6,haas,0.3333333333333333
2024,6,mclaren,0.7777777777777778
2024,6,mercedes,0.6666666666666667
2024,6,rb,0.4444444444444444
2024,6,red_bull,1.0
2024,6,sauber,0.0
2024,6,williams,0.2222222222222222
2024,7,alpine,0.2222222222222222
2024,7,aston_martin,0.5555555555555556
2024,7,ferrari,0.8888888888888888
2024,7,haas,0.3333333333333333
2024,7,mclaren,0.7777777777777778
2024,7,mercedes,0.6666666666666667
2024,7,rb,0.4444444444444444
2024,7,red_bull,1.0
2024,7,sauber,0.0
2024,7,williams,0.1111111111111111
2024,8,alpine,0.2222222222222222
2024,8,aston_martin,0.5555555555555556
2024,8,ferrari,0.8888888888888888
2024,8,haas,0.3333333333333333
2024,8,mclaren,0.7777777777777778
2024,8,mercedes,0.6666666666666667
2024,8,rb,0.4444444444444444
2024,8,red_bull,1.0
2024,8,sauber,0.0
2024,8,williams,0.1111111111111111
2024,9,alpine,0.1111111111111111
2024,9,aston_martin,0.5555555555555556
2024,9,ferrari,0.8888888888888888
2024,9,haas,0.3333333333333333
2024,9,mclaren,0.7777777777777778
2024,9,mercedes,0.6666666666666667
2024,9,rb,0.4444444444444444
2024,9,red_bull,1.0
2024,9,sauber,0.0
2024,9,williams,0.2222222222222222
2024,10,alpine,0.2222222222222222
2024,10,aston_martin,0.5555555555555556
2024,10,ferrari,0.8888888888888888
2024,10,haas,0.3333333333333333
2024,10,mclaren,0.7777777777777778
2024,10,mercedes,0.6666666666666667
2024,10,rb,0.4444444444444444
2024,10,red_bull,1.0
2024,10,sauber,0.0
2024,10,williams,0.1111111111111111
2024,11,alpine,0.3333333333333333
2024,11,aston_martin,0.5555555555555556
2024,11,ferrari,0.8888888888888888
2024,11,haas,0.2222222222222222
2024,11,mclaren,0.7777777777777778
2024,11,mercedes,0.6666666666666667
2024,11,rb,0.4444444444444444
2024,11,red_bull,1.0
2024,11,sauber,0.0
2024,11,williams,0.1111111111111111
2024,12,alpine,0.2222222222222222
2024,12,aston_martin,0.5555555555555556
2024,12,ferrari,0.8888888888888888
2024,12,haas,0.3333333333333333
2024,12,mclaren,0.7777777777777778
2024,12,mercedes,0.6666666666666667
2024,12,rb,0.4444444444444444
2024,12,red_bull,1.0
2024,12,sauber,0.0
2024,12,williams,0.1111111111111111
2024,13,alpine,0.2222222222222222
2024,13,aston_martin,0.5555555555555556
2024,13,ferrari,0.8888888888888888
2024,13,haas,0.3333333333333333
2024,13,mclaren,0.7777777777777778
2024,13,mercedes,0.6666666666666667
2024,13,rb,0.4444444444444444
2024,13,red_bull,1.0
2024,13,sauber,0.0
2024,13,williams,0.1111111111111111
2024,14,alpine,0.2222222222222222
2024,14,aston_martin,0.5555555555555556
2024,14,ferrari,0.7777777777777778
2024,14,haas,0.3333333333333333
2024,14,mclaren,0.8888888888888888
2024,14,mercedes,0.6666666666666667
2024,14,rb,0.4444444444444444
2024,14,red_bull,1.0
2024,14,sauber,0.0
2024,14,williams,0.1111111111111111
2024,15,alpine,0.2222222222222222
2024,15,aston_martin,0.5555555555555556
2024,15,ferrari,0.7777777777777778
2024,15,haas,0.3333333333333333
2024,15,mclaren,0.8888888888888888
2024,15,mercedes,0.6666666666666667
2024,15,rb,0.4444444444444444
2024,15,red_bull,1.0
2024,15,sauber,0.0
2024,15,williams,0.1111111111111111
2024,16,alpine,0.2222222222222222
2024,16,aston_martin,0.5555555555555556
2024,16,ferrari,0.7777777777777778
2024,16,haas,0.3333333333333333
2024,16,mclaren,0.8888888888888888
2024,16,mercedes,0.6666666666666667
2024,16,rb,0.4444444444444444
2024,16,red_bull,1.0
2024,16,sauber,0.0
2024,16,williams,0.1111111111111111
2024,17,alpine,0.2222222222222222
2024,17,aston_martin,0.5555555555555556
2024,17,ferrari,0.7777777777777778
2024,17,haas,0.3333333333333333
2024,17,mclaren,0.8888888888888888
2024,17,mercedes,0.6666666666666667
2024,17,rb,0.4444444444444444
2024,17,red_bull,1.0
2024,17,sauber,0.0
2024,17,williams,0.1111111111111111
2024,18,alpine,0.1111111111111111
2024,18,aston_martin,0.5555555555555556
2024,18,ferrari,0.7777777777777778
2024,18,haas,0.3333333333333333
2024,18,mclaren,1.0
2024,18,mercedes,0.6666666666666667
2024,18,rb,0.4444444444444444
2024,18,red_bull,0.8888888888888888
2024,18,sauber,0.0
2024,18,williams,0.2222222222222222
2024,19,alpine,0.1111111111111111
2024,19,aston_martin,0.5555555555555556
2024,19,ferrari,0.7777777777777778
2024,19,haas,0.3333333333333333
2024,19,mclaren,1.0
2024,19,mercedes,0.6666666666666667
2024,19,rb,0.4444444444444444
2024,19,red_bull,0.8888888888888888
2024,19,sauber,0.0
2024,19,williams,0.2222222222222222
2024,20,alpine,0.1111111111111111
2024,20,aston_martin,0.5555555555555556
2024,20,ferrari,0.7777777777777778
2024,20,haas,0.4444444444444444
2024,20,mclaren,1.0
2024,20,mercedes,0.6666666666666667
2024,20,rb,0.3333333333333333
2024,20,red_bull,0.8888888888888888
2024,20,sauber,0.0
2024,20,williams,0.2222222222222222
2024,21,alpine,0.1111111111111111
2024,21,aston_martin,0.5555555555555556
2024,21,ferrari,0.8888888888888888
2024,21,haas,0.4444444444444444
2024,21,mclaren,1.0
2024,21,mercedes,0.6666666666666667
2024,21,rb,0.3333333333333333
2024,21,red_bull,0.7777777777777778
2024,21,sauber,0.0
2024,21,williams,0.2222222222222222
2024,22,alpine,0.4444444444444444
2024,22,aston_martin,0.5555555555555556
2024,22,ferrari,0.8888888888888888
2024,22,haas,0.3333333333333333
2024,22,mclaren,1.0
2024,22,mercedes,0.6666666666666667
2024,22,rb,0.2222222222222222
2024,22,red_bull,0.7777777777777778
2024,22,sauber,0.0
2024,22,williams,0.1111111111111111
2024,23,alpine,0.3333333333333333
2024,23,aston_martin,0.5555555555555556
2024,23,ferrari,0.8888888888888888
2024,23,haas,0.4444444444444444
2024,23,mclaren,1.0
2024,23,mercedes,0.6666666666666667
2024,23,rb,0.2222222222222222
2024,23,red_bull,0.7777777777777778
2024,23,sauber,0.0
2024,23,williams,0.1111111111111111
2024,24,alpine,0.4444444444444444
2024,24,aston_martin,0.5555555555555556
2024,24,ferrari,0.8888888888888888
2024,24,haas,0.3333333333333333
2024,24,mclaren,1.0
2024,24,mercedes,0.6666666666666667
2024,24,rb,0.2222222222222222
2024,24,red_bull,0.7777777777777778
2024,24,sauber,0.0
2024,24,williams,0.1111111111111111
2025,1,alpine,0.2222222222222222
2025,1,aston_martin,0.5555555555555556
2025,1,ferrari,0.3333333333333333
2025,1,haas,0.0
2025,1,mclaren,1.0
2025,1,mercedes,0.8888888888888888
2025,1,rb,0.1111111111111111
2025,1,red_bull,0.7777777777777778
2025,1,sauber,0.4444444444444444
2025,1,williams,0.6666666666666667
2025,2,alpine,0.2222222222222222
2025,2,aston_martin,0.5555555555555556
2025,2,ferrari,0.3333333333333333
2025,2,haas,0.0
2025,2,mclaren,1.0
2025,2,mercedes,0.8888888888888888
2025,2,rb,0.1111111111111111
2025,2,red_bull,0.7777777777777778
2025,2,sauber,0.4444444444444444
2025,2,williams,0.6666666666666667
2025,3,alpine,0.0
2025,3,aston_martin,0.3333333333333333
2025,3,ferrari,0.5555555555555556
2025,3,haas,0.4444444444444444
2025,3,mclaren,1.0
2025,3,mercedes,0.8888888888888888
2025,3,rb,0.1111111111111111
2025,3,red_bull,0.7777777777777778
2025,3,sauber,0.2222222222222222
2025,3,williams,0.6666666666666667
2025,4,alpine,0.0
2025,4,aston_martin,0.3333333333333333
2025,4,ferrari,0.6666666666666667
2025,4,haas,0.4444444444444444
2025,4,mclaren,1.0
2025,4,mercedes,0.8888888888888888
2025,4,rb,0.2222222222222222
2025,4,red_bull,0.7777777777777778
2025,4,sauber,0.1111111111111111
2025,4,williams,0.5555555555555556
2025,5,alpine,0.1111111111111111
2025,5,aston_martin,0.3333333333333333
2025,5,ferrari,0.6666666666666667
2025,5,haas,0.5555555555555556
2025,5,mclaren,1.0
2025,5,mercedes,0.8888888888888888
2025,5,rb,0.2222222222222222
2025,5,red_bull,0.7777777777777778
2025,5,sauber,0.0
2025,5,williams,0.4444444444444444
2025,6,alpine,0.1111111111111111
2025,6,aston_martin,0.3333333333333333
2025,6,ferrari,0.6666666666666667
2025,6,haas,0.4444444444444444
2025,6,mclaren,1.0
2025,6,mercedes,0.8888888888888888
2025,6,rb,0.2222222222222222
2025,6,red_bull,0.7777777777777778
2025,6,sauber,0.0
2025,6,williams,0.5555555555555556
2025,7,alpine,0.1111111111111111
2025,7,aston_martin,0.3333333333333333
2025,7,ferrari,0.6666666666666667
2025,7,haas,0.4444444444444444
2025,7,mclaren,1.0
2025,7,mercedes,0.8888888888888888
2025,7,rb,0.2222222222222222
2025,7,red_bull,0.7777777777777778
2025,7,sauber,0.0
2025,7,williams,0.5555555555555556
2025,8,alpine,0.1111111111111111
2025,8,aston_martin,0.3333333333333333
2025,8,ferrari,0.6666666666666667
2025,8,haas,0.4444444444444444
2025,8,mclaren,1.0
2025,8,mercedes,0.8888888888888888
2025,8,rb,0.2222222222222222
2025,8,red_bull,0.7777777777777778
2025,8,sauber,0.0
2025,8,williams,0.5555555555555556
2025,9,alpine,0.1111111111111111
2025,9,aston_martin,0.2222222222222222
2025,9,ferrari,0.6666666666666667
2025,9,haas,0.4444444444444444
2025,9,mclaren,1.0
2025,9,mercedes,0.8888888888888888
2025,9,rb,0.3333333333333333
2025,9,red_bull,0.7777777777777778
2025,9,sauber,0.0
2025,9,williams,0.5555555555555556
2025,10,alpine,0.0
2025,10,aston_martin,0.1111111111111111
2025,10,ferrari,0.8888888888888888
2025,10,haas,0.3333333333333333
2025,10,mclaren,1.0
2025,10,mercedes,0.7777777777777778
2025,10,rb,0.4444444444444444
2025,10,red_bull,0.6666666666666667
2025,10,sauber,0.2222222222222222
2025,10,williams,0.5555555555555556
2025,11,alpine,0.0
2025,11,aston_martin,0.2222222222222222
2025,11,ferrari,0.7777777777777778
2025,11,haas,0.4444444444444444
2025,11,mclaren,1.0
2025,11,mercedes,0.8888888888888888
2025,11,rb,0.3333333333333333
2025,11,red_bull,0.6666666666666667
2025,11,sauber,0.1111111111111111
2025,11,williams,0.5555555555555556
2025,12,alpine,0.0
2025,12,aston_martin,0.2222222222222222
2025,12,ferrari,0.8888888888888888
2025,12,haas,0.3333333333333333
2025,12,mclaren,1.0
2025,12,mercedes,0.7777777777777778
2025,12,rb,0.4444444444444444
2025,12,red_bull,0.6666666666666667
2025,12,sauber,0.1111111111111111
2025,12,williams,0.5555555555555556
2025,13,alpine,0.0
2025,13,aston_martin,0.2222222222222222
2025,13,ferrari,0.8888888888888888
2025,13,haas,0.1111111111111111
2025,13,mclaren,1.0
2025,13,mercedes,0.7777777777777778
2025,13,rb,0.3333333333333333
2025,13,red_bull,0.6666666666666667
2025,13,sauber,0.4444444444444444
2025,13,williams,0.5555555555555556
2025,14,alpine,0.0
2025,14,aston_martin,0.2222222222222222
2025,14,ferrari,0.8888888888888888
2025,14,haas,0.1111111111111111
2025,14,mclaren,1.0
2025,14,mercedes,0.7777777777777778
2025,14,rb,0.3333333333333333
2025,14,red_bull,0.6666666666666667
2025,14,sauber,0.4444444444444444
2025,14,williams,0.5555555555555556
2025,15,alpine,0.0
2025,15,aston_martin,0.4444444444444444
2025,15,ferrari,0.8888888888888888
2025,15,haas,0.1111111111111111
2025,15,mclaren,1.0
2025,15,mercedes,0.7777777777777778
2025,15,rb,0.2222222222222222
2025,15,red_bull,0.6666666666666667
2025,15,sauber,0.3333333333333333
2025,15,williams,0.5555555555555556
2025,16,alpine,0.0
2025,16,aston_martin,0.4444444444444444
2025,16,ferrari,0.8888888888888888
2025,16,haas,0.1111111111111111
2025,16,mclaren,1.0
2025,16,mercedes,0.7777777777777778
2025,16,rb,0.3333333333333333
2025,16,red_bull,0.6666666666666667
2025,16,sauber,0.2222222222222222
2025,16,williams,0.5555555555555556
2025,17,alpine,0.0
2025,17,aston_martin,0.4444444444444444
2025,17,ferrari,0.8888888888888888
2025,17,haas,0.1111111111111111
2025,17,mclaren,1.0
2025,17,mercedes,0.7777777777777778
2025,17,rb,0.3333333333333333
2025,17,red_bull,0.6666666666666667
2025,17,sauber,0.2222222222222222
2025,17,williams,0.5555555555555556
2025,18,alpine,0.0
2025,18,aston_martin,0.3333333333333333
2025,18,ferrari,0.7777777777777778
2025,18,haas,0.1111111111111111
2025,18,mclaren,1.0
2025,18,mercedes,0.8888888888888888
2025,18,rb,0.4444444444444444
2025,18,red_bull,0.6666666666666667
2025,18,sauber,0.2222222222222222
2025,18,williams,0.5555555555555556
2025,19,alpine,0.0
2025,19,aston_martin,0.3333333333333333
2025,19,ferrari,0.7777777777777778
2025,19,haas,0.1111111111111111
2025,19,mclaren,1.0
2025,19,mercedes,0.8888888888888888
2025,19,rb,0.4444444444444444
2025,19,red_bull,0.6666666666666667
2025,19,sauber,0.2222222222222222
2025,19,williams,0.5555555555555556
2025,20,alpine,0.0
2025,20,aston_martin,0.3333333333333333
2025,20,ferrari,0.7777777777777778
2025,20,haas,0.1111111111111111
2025,20,mclaren,1.0
2025,20,mercedes,0.8888888888888888
2025,20,rb,0.4444444444444444
2025,20,red_bull,0.6666666666666667
2025,20,sauber,0.2222222222222222
2025,20,williams,0.5555555555555556
2025,21,alpine,0.0
2025,21,aston_martin,0.3333333333333333
2025,21,ferrari,0.8888888888888888
2025,21,haas,0.2222222222222222
2025,21,mclaren,1.0
2025,21,mercedes,0.7777777777777778
2025,21,rb,0.4444444444444444
2025,21,red_bull,0.6666666666666667
2025,21,sauber,0.1111111111111111
2025,21,williams,0.5555555555555556
2025,22,alpine,0.0
2025,22,aston_martin,0.3333333333333333
2025,22,ferrari,0.6666666666666667
2025,22,haas,0.2222222222222222
2025,22,mclaren,1.0
2025,22,mercedes,0.8888888888888888
2025,22,rb,0.4444444444444444
2025,22,red_bull,0.7777777777777778
2025,22,sauber,0.1111111111111111
2025,22,williams,0.5555555555555556
2025,23,alpine,0.0
2025,23,aston_martin,0.2222222222222222
2025,23,ferrari,0.6666666666666667
2025,23,haas,0.3333333333333333
2025,23,mclaren,1.0
2025,23,mercedes,0.8888888888888888
2025,23,rb,0.4444444444444444
2025,23,red_bull,0.7777777777777778
2025,23,sauber,0.1111111111111111
2025,23,williams,0.5555555555555556
2025,24,alpine,0.0
2025,24,aston_martin,0.3333333333333333
2025,24,ferrari,0.6666666666666667
2025,24,haas,0.2222222222222222
2025,24,mclaren,1.0
2025,24,mercedes,0.8888888888888888
2025,24,rb,0.4444444444444444
2025,24,red_bull,0.7777777777777778
2025,24,sauber,0.1111111111111111
2025,24,williams,0.5555555555555556
2026,1,alpine,0.3
2026,1,aston_martin,0.0
2026,1,audi,0.4
2026,1,cadillac,0.0999999999999999
2026,1,ferrari,0.9
2026,1,haas,0.6
2026,1,mclaren,0.8
2026,1,mercedes,1.0
2026,1,rb,0.5
2026,1,red_bull,0.7
2026,1,williams,0.1999999999999999
2026,2,alpine,0.3
2026,2,aston_martin,0.0
2026,2,audi,0.4
2026,2,cadillac,0.0999999999999999
2026,2,ferrari,0.9
2026,2,haas,0.6
2026,2,mclaren,0.8
2026,2,mercedes,1.0
2026,2,rb,0.5
2026,2,red_bull,0.7
2026,2,williams,0.1999999999999999
